Select all keywords,Keyword,Intent,Relevance,Related %,Volume,Trend,Pot. Traffic,PKD %,KD %,CPC (USD),Com.,SERP Features,Results,Updated
best website builder for small business,best website builder for small business​,C,n/a,0,260,,n/a,n/a,57,0.56,0.53,,1.5B,1 month
best website design for small business,best website design for small business​,C,n/a,0,210,,n/a,n/a,22,0.00,0.14,,191,1 month
free website builder for small business,free website builder for small business​,C,n/a,0,170,,n/a,n/a,77,0.27,0.59,,61,1 month
best free website builder for small business,best free website builder for small business​,C,n/a,0,140,,n/a,n/a,70,0.25,0.58,,1.2B,1 month
inexpensive website design for small business,inexpensive website design for small business​,I,n/a,0,140,,n/a,n/a,14,0.00,0.00,,251,1 month
average cost of website design for small business,average cost of website design for small business​,I,n/a,0,110,,n/a,n/a,37,0.20,0.23,+2,133,1 month
affordable website design for small businesses,affordable website design for small businesses​,n/a,n/a,0,90,,n/a,n/a,n/a,0.00,0.03,n/a,n/a,"For metrics, refresh"
best website hosting for small business,best website hosting for small business​,n/a,n/a,0,70,,n/a,n/a,n/a,0.64,0.53,n/a,n/a,"For metrics, refresh"
website development for small business,website development for small business​,n/a,n/a,0,70,,n/a,n/a,n/a,0.56,0.15,n/a,n/a,"For metrics, refresh"
create website for small business,create website for small business​,n/a,n/a,0,50,,n/a,n/a,n/a,0.49,0.66,n/a,n/a,"For metrics, refresh"
free website for small business,free website for small business​,n/a,n/a,0,50,,n/a,n/a,n/a,0.32,0.64,n/a,n/a,"For metrics, refresh"
website design companies for small businesses,website design companies for small businesses​,n/a,n/a,0,50,,n/a,n/a,n/a,0.56,0.15,n/a,n/a,"For metrics, refresh"
cheap website design for small business,cheap website design for small business​,n/a,n/a,0,40,,n/a,n/a,n/a,0.00,0.33,n/a,n/a,"For metrics, refresh"
free website builder and hosting for small business,free website builder and hosting for small business​,n/a,n/a,0,40,,n/a,n/a,n/a,0.60,0.93,n/a,n/a,"For metrics, refresh"
i need a website for my small business,i need a website for my small business​,n/a,n/a,0,40,,n/a,n/a,n/a,0.54,0.63,n/a,n/a,"For metrics, refresh"
website for small business india,website for small business india​,n/a,n/a,0,40,,n/a,n/a,n/a,0.00,0.52,n/a,n/a,"For metrics, refresh"
which website builder is best for small business,which website builder is best for small business​,n/a,n/a,0,40,,n/a,n/a,n/a,0.55,0.88,n/a,n/a,"For metrics, refresh"
average cost of website design for small business in india,average cost of website design for small business in india​,n/a,n/a,0,30,,n/a,n/a,n/a,0.20,0.24,n/a,n/a,"For metrics, refresh"
benefits of having a website for small business,benefits of having a website for small business​,n/a,n/a,0,30,,n/a,n/a,n/a,0.00,0.33,n/a,n/a,"For metrics, refresh"
best website and email hosting for small business,best website and email hosting for small business​,n/a,n/a,0,30,,n/a,n/a,n/a,0.00,1.00,n/a,n/a,"For metrics, refresh"
best website platform for small business,best website platform for small business​,n/a,n/a,0,30,,n/a,n/a,n/a,0.66,0.73,n/a,n/a,"For metrics, refresh"
free website hosting for small business,free website hosting for small business​,n/a,n/a,0,30,,n/a,n/a,n/a,0.63,0.67,n/a,n/a,"For metrics, refresh"
google website builder for small business,google website builder for small business​,n/a,n/a,0,30,,n/a,n/a,n/a,0.00,0.71,n/a,n/a,"For metrics, refresh"
what is the best website builder for small business,what is the best website builder for small business​,n/a,n/a,0,30,,n/a,n/a,n/a,0.00,0.00,n/a,n/a,"For metrics, refresh"
accounting websites for small businesses,accounting websites for small businesses​,n/a,n/a,0,20,,n/a,n/a,n/a,0.00,0.52,n/a,n/a,"For metrics, refresh"
affordable websites for small businesses,affordable websites for small businesses​,n/a,n/a,0,20,,n/a,n/a,n/a,0.41,0.63,n/a,n/a,"For metrics, refresh"
average cost of website design for small business uk,average cost of website design for small business uk​,n/a,n/a,0,20,,n/a,n/a,n/a,0.86,0.71,n/a,n/a,"For metrics, refresh"
benefits of a website for small business,benefits of a website for small business​,n/a,n/a,0,20,,n/a,n/a,n/a,0.00,0.43,n/a,n/a,"For metrics, refresh"
best ecommerce website builder for small business,best ecommerce website builder for small business​,n/a,n/a,0,20,,n/a,n/a,n/a,0.48,0.44,n/a,n/a,"For metrics, refresh"
best ecommerce website for small business,best ecommerce website for small business​,n/a,n/a,0,20,,n/a,n/a,n/a,0.44,0.78,n/a,n/a,"For metrics, refresh"
best free ecommerce website builder for small business,best free ecommerce website builder for small business​,n/a,n/a,0,20,,n/a,n/a,n/a,0.00,0.33,n/a,n/a,"For metrics, refresh"
best free website for small business,best free website for small business​,n/a,n/a,0,20,,n/a,n/a,n/a,0.19,0.38,n/a,n/a,"For metrics, refresh"
best free website hosting for small business,best free website hosting for small business​,n/a,n/a,0,20,,n/a,n/a,n/a,0.00,0.19,n/a,n/a,"For metrics, refresh"
best free website templates for small business,best free website templates for small business​,n/a,n/a,0,20,,n/a,n/a,n/a,0.00,0.00,n/a,n/a,"For metrics, refresh"
best online website builder for small business,best online website builder for small business​,n/a,n/a,0,20,,n/a,n/a,n/a,0.00,0.49,n/a,n/a,"For metrics, refresh"
best way to build website for small business,best way to build website for small business​,n/a,n/a,0,20,,n/a,n/a,n/a,0.65,0.57,n/a,n/a,"For metrics, refresh"
best way to create a website for small business,best way to create a website for small business​,n/a,n/a,0,20,,n/a,n/a,n/a,0.63,0.51,n/a,n/a,"For metrics, refresh"
best way to create website for small business,best way to create website for small business​,n/a,n/a,0,20,,n/a,n/a,n/a,0.63,0.51,n/a,n/a,"For metrics, refresh"
best website builder and hosting for small business,best website builder and hosting for small business​,n/a,n/a,0,20,,n/a,n/a,n/a,1.18,0.86,n/a,n/a,"For metrics, refresh"
best website builder for small business reddit,best website builder for small business reddit​,n/a,n/a,0,20,,n/a,n/a,n/a,0.00,0.33,n/a,n/a,"For metrics, refresh"
best website creator for small business,best website creator for small business​,n/a,n/a,0,20,,n/a,n/a,n/a,0.66,0.84,n/a,n/a,"For metrics, refresh"
best website design and hosting for small business,best website design and hosting for small business​,n/a,n/a,0,20,,n/a,n/a,n/a,0.63,0.63,n/a,n/a,"For metrics, refresh"
best website design companies for small business,best website design companies for small business​,n/a,n/a,0,20,,n/a,n/a,n/a,0.52,0.20,n/a,n/a,"For metrics, refresh"
best website developers for small business,best website developers for small business​,n/a,n/a,0,20,,n/a,n/a,n/a,0.32,0.38,n/a,n/a,"For metrics, refresh"
best website for small business,best website for small business​,n/a,n/a,0,20,,n/a,n/a,n/a,0.54,0.54,n/a,n/a,"For metrics, refresh"
best website maker for small business,best website maker for small business​,n/a,n/a,0,20,,n/a,n/a,n/a,0.72,0.84,n/a,n/a,"For metrics, refresh"
best website provider for small business,best website provider for small business​,n/a,n/a,0,20,,n/a,n/a,n/a,0.00,0.29,n/a,n/a,"For metrics, refresh"
best website templates for small business,best website templates for small business​,n/a,n/a,0,20,,n/a,n/a,n/a,0.00,0.33,n/a,n/a,"For metrics, refresh"
best website tools for small business,best website tools for small business​,n/a,n/a,0,20,,n/a,n/a,n/a,0.00,0.71,n/a,n/a,"For metrics, refresh"
best websites for small business owners,best websites for small business owners​,n/a,n/a,0,20,,n/a,n/a,n/a,0.00,0.00,n/a,n/a,"For metrics, refresh"
cheap website for small business,cheap website for small business​,n/a,n/a,0,20,,n/a,n/a,n/a,0.41,0.63,n/a,n/a,"For metrics, refresh"
cheapest website builder for small business,cheapest website builder for small business​,n/a,n/a,0,20,,n/a,n/a,n/a,0.58,0.87,n/a,n/a,"For metrics, refresh"
companies that build websites for small businesses,companies that build websites for small businesses​,n/a,n/a,0,20,,n/a,n/a,n/a,0.00,0.00,n/a,n/a,"For metrics, refresh"
cost to create a website for a small business,cost to create a website for a small business​,n/a,n/a,0,20,,n/a,n/a,n/a,0.00,0.39,n/a,n/a,"For metrics, refresh"
custom websites for small businesses,custom websites for small businesses​,n/a,n/a,0,20,,n/a,n/a,n/a,0.00,0.33,n/a,n/a,"For metrics, refresh"
easiest website builder for small business,easiest website builder for small business​,n/a,n/a,0,20,,n/a,n/a,n/a,0.00,0.20,n/a,n/a,"For metrics, refresh"
easy website builder for small business,easy website builder for small business​,n/a,n/a,0,20,,n/a,n/a,n/a,0.56,0.86,n/a,n/a,"For metrics, refresh"
ecommerce website builder for small business,ecommerce website builder for small business​,n/a,n/a,0,20,,n/a,n/a,n/a,0.00,0.00,n/a,n/a,"For metrics, refresh"
ecommerce website design for small business,ecommerce website design for small business​,n/a,n/a,0,20,,n/a,n/a,n/a,0.00,0.00,n/a,n/a,"For metrics, refresh"
free google websites for small business,free google websites for small business​,n/a,n/a,0,20,,n/a,n/a,n/a,0.00,0.71,n/a,n/a,"For metrics, refresh"
free websites for small business owners,free websites for small business owners​,n/a,n/a,0,20,,n/a,n/a,n/a,0.00,0.50,n/a,n/a,"For metrics, refresh"
good website builder for small business,good website builder for small business​,n/a,n/a,0,20,,n/a,n/a,n/a,0.00,0.93,n/a,n/a,"For metrics, refresh"
google free website for small business,google free website for small business​,n/a,n/a,0,20,,n/a,n/a,n/a,0.45,0.26,n/a,n/a,"For metrics, refresh"
google website for small business,google website for small business​,n/a,n/a,0,20,,n/a,n/a,n/a,0.00,0.23,n/a,n/a,"For metrics, refresh"
google website hosting for small business,google website hosting for small business​,n/a,n/a,0,20,,n/a,n/a,n/a,0.00,0.86,n/a,n/a,"For metrics, refresh"
how can i build a website for my small business,how can i build a website for my small business​,n/a,n/a,0,20,,n/a,n/a,n/a,0.00,0.86,n/a,n/a,"For metrics, refresh"
how important is a website for a small business,how important is a website for a small business​,n/a,n/a,0,20,,n/a,n/a,n/a,0.00,0.33,n/a,n/a,"For metrics, refresh"
how much does a website cost for a small business,how much does a website cost for a small business​,n/a,n/a,0,20,,n/a,n/a,n/a,0.00,0.33,n/a,n/a,"For metrics, refresh"
how much should a website cost for a small business,how much should a website cost for a small business​,n/a,n/a,0,20,,n/a,n/a,n/a,0.00,0.33,n/a,n/a,"For metrics, refresh"
how to create a small business website for free,how to create a small business website for free​,n/a,n/a,0,20,,n/a,n/a,n/a,0.00,0.00,n/a,n/a,"For metrics, refresh"
how to create your own website for small business,how to create your own website for small business​,n/a,n/a,0,20,,n/a,n/a,n/a,0.00,0.50,n/a,n/a,"For metrics, refresh"
how to design a website for a small business,how to design a website for a small business​,n/a,n/a,0,20,,n/a,n/a,n/a,0.00,0.00,n/a,n/a,"For metrics, refresh"
how to make a small business website for free,how to make a small business website for free​,n/a,n/a,0,20,,n/a,n/a,n/a,0.00,0.93,n/a,n/a,"For metrics, refresh"
how to set up a website for a small business,how to set up a website for a small business​,n/a,n/a,0,20,,n/a,n/a,n/a,0.00,0.71,n/a,n/a,"For metrics, refresh"
how to start a website for a small business,how to start a website for a small business​,n/a,n/a,0,20,,n/a,n/a,n/a,0.16,0.69,n/a,n/a,"For metrics, refresh"
how to start a website for my small business,how to start a website for my small business​,n/a,n/a,0,20,,n/a,n/a,n/a,0.00,0.00,n/a,n/a,"For metrics, refresh"
i want to build a website for my small business,i want to build a website for my small business​,n/a,n/a,0,20,,n/a,n/a,n/a,0.00,0.67,n/a,n/a,"For metrics, refresh"
low cost websites for small business,low cost websites for small business​,n/a,n/a,0,20,,n/a,n/a,n/a,0.31,0.83,n/a,n/a,"For metrics, refresh"
make a small business website for free,make a small business website for free​,n/a,n/a,0,20,,n/a,n/a,n/a,0.00,1.00,n/a,n/a,"For metrics, refresh"
making a website for a small business,making a website for a small business​,n/a,n/a,0,20,,n/a,n/a,n/a,0.52,0.59,n/a,n/a,"For metrics, refresh"
one page website for small business,one page website for small business​,n/a,n/a,0,20,,n/a,n/a,n/a,0.00,0.43,n/a,n/a,"For metrics, refresh"
seo for small business website,seo for small business website​,n/a,n/a,0,20,,n/a,n/a,n/a,0.00,0.33,n/a,n/a,"For metrics, refresh"
simple website for small business,simple website for small business​,n/a,n/a,0,20,,n/a,n/a,n/a,0.00,0.50,n/a,n/a,"For metrics, refresh"
the best website hosting for small business,the best website hosting for small business​,n/a,n/a,0,20,,n/a,n/a,n/a,0.00,0.86,n/a,n/a,"For metrics, refresh"
top 10 website builders for small business,top 10 website builders for small business​,n/a,n/a,0,20,,n/a,n/a,n/a,0.00,0.38,n/a,n/a,"For metrics, refresh"
top website builders for small business,top website builders for small business​,n/a,n/a,0,20,,n/a,n/a,n/a,0.00,0.00,n/a,n/a,"For metrics, refresh"
website design and hosting for small business,website design and hosting for small business​,n/a,n/a,0,20,,n/a,n/a,n/a,1.11,0.64,n/a,n/a,"For metrics, refresh"
website design for small business near me,website design for small business near me​,n/a,n/a,0,20,,n/a,n/a,n/a,0.00,0.51,n/a,n/a,"For metrics, refresh"
website design tips for small business,website design tips for small business​,n/a,n/a,0,20,,n/a,n/a,n/a,0.00,0.33,n/a,n/a,"For metrics, refresh"
website for my small business,website for my small business​,n/a,n/a,0,20,,n/a,n/a,n/a,0.00,0.00,n/a,n/a,"For metrics, refresh"
website for small business owners,website for small business owners​,n/a,n/a,0,20,,n/a,n/a,n/a,0.38,0.73,n/a,n/a,"For metrics, refresh"
website hosting services for small business,website hosting services for small business​,n/a,n/a,0,20,,n/a,n/a,n/a,0.00,0.00,n/a,n/a,"For metrics, refresh"
website platforms for small business,website platforms for small business​,n/a,n/a,0,20,,n/a,n/a,n/a,0.00,0.71,n/a,n/a,"For metrics, refresh"
website services for small businesses,website services for small businesses​,n/a,n/a,0,20,,n/a,n/a,n/a,0.00,0.33,n/a,n/a,"For metrics, refresh"
wholesale websites for small business,wholesale websites for small business​,n/a,n/a,0,20,,n/a,n/a,n/a,0.27,0.69,n/a,n/a,"For metrics, refresh"
why have a website for small business,why have a website for small business​,n/a,n/a,0,20,,n/a,n/a,n/a,0.00,0.33,n/a,n/a,"For metrics, refresh"
why website is important for small business,why website is important for small business​,n/a,n/a,0,20,,n/a,n/a,n/a,0.00,0.14,n/a,n/a,"For metrics, refresh"
average cost of website for small business,average cost of website for small business​,n/a,n/a,0,10,,n/a,n/a,n/a,0.00,0.00,n/a,n/a,"For metrics, refresh"
best diy website builder for small business,best diy website builder for small business​,n/a,n/a,0,10,,n/a,n/a,n/a,0.00,0.00,n/a,n/a,"For metrics, refresh"
best email and website hosting for small business,best email and website hosting for small business​,n/a,n/a,0,10,,n/a,n/a,n/a,0.00,0.00,n/a,n/a,"For metrics, refresh"
best free website builder and hosting for small business,best free website builder and hosting for small business​,n/a,n/a,0,10,,n/a,n/a,n/a,0.00,0.00,n/a,n/a,"For metrics, refresh"
best free website creator for small business,best free website creator for small business​,n/a,n/a,0,10,,n/a,n/a,n/a,0.00,0.43,n/a,n/a,"For metrics, refresh"
best website company for small business,best website company for small business​,n/a,n/a,0,10,,n/a,n/a,n/a,0.00,0.00,n/a,n/a,"For metrics, refresh"
best website design software for small business,best website design software for small business​,n/a,n/a,0,10,,n/a,n/a,n/a,0.00,0.00,n/a,n/a,"For metrics, refresh"
best website designers for small business,best website designers for small business​,n/a,n/a,0,10,,n/a,n/a,n/a,0.00,0.00,n/a,n/a,"For metrics, refresh"
best website for starting a small business,best website for starting a small business​,n/a,n/a,0,10,,n/a,n/a,n/a,0.00,0.00,n/a,n/a,"For metrics, refresh"
best website service for small business,best website service for small business​,n/a,n/a,0,10,,n/a,n/a,n/a,0.00,0.95,n/a,n/a,"For metrics, refresh"
best website software for small business,best website software for small business​,n/a,n/a,0,10,,n/a,n/a,n/a,0.00,0.00,n/a,n/a,"For metrics, refresh"
build your own website for small business,build your own website for small business​,n/a,n/a,0,10,,n/a,n/a,n/a,0.33,0.86,n/a,n/a,"For metrics, refresh"
create a new website for small business,create a new website for small business​,n/a,n/a,0,10,,n/a,n/a,n/a,0.00,0.00,n/a,n/a,"For metrics, refresh"
create a website for my small business,create a website for my small business​,n/a,n/a,0,10,,n/a,n/a,n/a,0.00,0.00,n/a,n/a,"For metrics, refresh"
developing websites for small businesses,developing websites for small businesses​,n/a,n/a,0,10,,n/a,n/a,n/a,0.00,0.00,n/a,n/a,"For metrics, refresh"
easy website for small business,easy website for small business​,n/a,n/a,0,10,,n/a,n/a,n/a,0.00,0.76,n/a,n/a,"For metrics, refresh"
free online website builder for small business,free online website builder for small business​,n/a,n/a,0,10,,n/a,n/a,n/a,0.00,0.29,n/a,n/a,"For metrics, refresh"
how can i make a website for my small business,how can i make a website for my small business​,n/a,n/a,0,10,,n/a,n/a,n/a,0.34,0.71,n/a,n/a,"For metrics, refresh"
importance of website for small business,importance of website for small business​,n/a,n/a,0,10,,n/a,n/a,n/a,0.00,0.00,n/a,n/a,"For metrics, refresh"
professional website builder for small business,professional website builder for small business​,n/a,n/a,0,10,,n/a,n/a,n/a,0.00,0.00,n/a,n/a,"For metrics, refresh"
seo tips for small business websites,seo tips for small business websites​,n/a,n/a,0,10,,n/a,n/a,n/a,0.00,0.00,n/a,n/a,"For metrics, refresh"
website and email for small business,website and email for small business​,n/a,n/a,0,10,,n/a,n/a,n/a,0.00,0.00,n/a,n/a,"For metrics, refresh"
website and email hosting for small business,website and email hosting for small business​,n/a,n/a,0,10,,n/a,n/a,n/a,0.83,0.79,n/a,n/a,"For metrics, refresh"
website grants for small businesses,website grants for small businesses​,n/a,n/a,0,10,,n/a,n/a,n/a,0.00,0.00,n/a,n/a,"For metrics, refresh"
website options for small business,website options for small business​,n/a,n/a,0,10,,n/a,n/a,n/a,0.00,0.57,n/a,n/a,"For metrics, refresh"
website packages for small business,website packages for small business​,n/a,n/a,0,10,,n/a,n/a,n/a,0.00,0.08,n/a,n/a,"For metrics, refresh"
6 benefits of effective websites for small and medium-sized businesses,6 benefits of effective websites for small and medium-sized businesses​,n/a,n/a,0,0,,n/a,n/a,n/a,0.00,0.00,n/a,n/a,"For metrics, refresh"
advantages of websites for small businesses,advantages of websites for small businesses​,n/a,n/a,0,0,,n/a,n/a,n/a,0.00,0.00,n/a,n/a,"For metrics, refresh"
affordable website for small business ontario,affordable website for small business ontario​,n/a,n/a,0,0,,n/a,n/a,n/a,0.00,0.00,n/a,n/a,"For metrics, refresh"
affordable website for small businesses,affordable website for small businesses​,n/a,n/a,0,0,,n/a,n/a,n/a,0.00,0.00,n/a,n/a,"For metrics, refresh"
asking small business for work website design,asking small business for work website design​,n/a,n/a,0,0,,n/a,n/a,n/a,0.00,0.00,n/a,n/a,"For metrics, refresh"
average cost of responsive website for small business inr,average cost of responsive website for small business inr​,n/a,n/a,0,0,,n/a,n/a,n/a,0.00,0.00,n/a,n/a,"For metrics, refresh"
average cost of website design for small business in canada,average cost of website design for small business in canada​,n/a,n/a,0,0,,n/a,n/a,n/a,0.00,0.00,n/a,n/a,"For metrics, refresh"
average cost of website design for small business in kerala,average cost of website design for small business in kerala​,n/a,n/a,0,0,,n/a,n/a,n/a,0.00,0.00,n/a,n/a,"For metrics, refresh"
average cost of website design for small business south africa,average cost of website design for small business south africa​,n/a,n/a,0,0,,n/a,n/a,n/a,0.00,0.00,n/a,n/a,"For metrics, refresh"
bandwidth for small business website,bandwidth for small business website​,n/a,n/a,0,0,,n/a,n/a,n/a,0.00,0.00,n/a,n/a,"For metrics, refresh"
benefit of website for small business in marathi,benefit of website for small business in marathi​,n/a,n/a,0,0,,n/a,n/a,n/a,0.00,0.00,n/a,n/a,"For metrics, refresh"
benefits of having a website for your small business,benefits of having a website for your small business​,n/a,n/a,0,0,,n/a,n/a,n/a,0.00,0.00,n/a,n/a,"For metrics, refresh"
benefits of making websites for small businesses,benefits of making websites for small businesses​,n/a,n/a,0,0,,n/a,n/a,n/a,0.00,0.00,n/a,n/a,"For metrics, refresh"
benefits of website for small business articles,benefits of website for small business articles​,n/a,n/a,0,0,,n/a,n/a,n/a,0.00,0.00,n/a,n/a,"For metrics, refresh"
benefits of websites for small business news,benefits of websites for small business news​,n/a,n/a,0,0,,n/a,n/a,n/a,0.00,0.00,n/a,n/a,"For metrics, refresh"
best build your own website for small business,best build your own website for small business​,n/a,n/a,0,0,,n/a,n/a,n/a,0.00,0.00,n/a,n/a,"For metrics, refresh"
best cms for small business website,best cms for small business website​,n/a,n/a,0,0,,n/a,n/a,n/a,0.00,0.00,n/a,n/a,"For metrics, refresh"
best diy website for small business,best diy website for small business​,n/a,n/a,0,0,,n/a,n/a,n/a,0.00,0.00,n/a,n/a,"For metrics, refresh"
best ecommerce website builder for small business quora,best ecommerce website builder for small business quora​,n/a,n/a,0,0,,n/a,n/a,n/a,0.00,0.00,n/a,n/a,"For metrics, refresh"
best ecommerce website builder for small business uk,best ecommerce website builder for small business uk​,n/a,n/a,0,0,,n/a,n/a,n/a,0.00,0.00,n/a,n/a,"For metrics, refresh"
best ecommerce website builder for small businesses,best ecommerce website builder for small businesses​,n/a,n/a,0,0,,n/a,n/a,n/a,0.00,0.00,n/a,n/a,"For metrics, refresh"
best free website builder for small business 2014,best free website builder for small business 2014​,n/a,n/a,0,0,,n/a,n/a,n/a,0.00,0.00,n/a,n/a,"For metrics, refresh"
best free website builder for small business 2015,best free website builder for small business 2015​,n/a,n/a,0,0,,n/a,n/a,n/a,0.00,0.00,n/a,n/a,"For metrics, refresh"
best free website builder for small business reviews,best free website builder for small business reviews​,n/a,n/a,0,0,,n/a,n/a,n/a,0.00,0.00,n/a,n/a,"For metrics, refresh"
best web hosting provider in canada for small business websites,best web hosting provider in canada for small business websites​,n/a,n/a,0,0,,n/a,n/a,n/a,0.00,0.00,n/a,n/a,"For metrics, refresh"
best website builder and hosting for small business uk,best website builder and hosting for small business uk​,n/a,n/a,0,0,,n/a,n/a,n/a,0.00,0.00,n/a,n/a,"For metrics, refresh"
best website builder for small business 2014,best website builder for small business 2014​,n/a,n/a,0,0,,n/a,n/a,n/a,0.00,0.00,n/a,n/a,"For metrics, refresh"
best website builder for small business 2016,best website builder for small business 2016​,n/a,n/a,0,0,,n/a,n/a,n/a,0.00,0.00,n/a,n/a,"For metrics, refresh"
best website builder for small business 2017,best website builder for small business 2017​,n/a,n/a,0,0,,n/a,n/a,n/a,0.00,0.00,n/a,n/a,"For metrics, refresh"
best website builder for small business 2018,best website builder for small business 2018​,n/a,n/a,0,0,,n/a,n/a,n/a,0.00,0.00,n/a,n/a,"For metrics, refresh"
best website builder for small business 2019,best website builder for small business 2019​,n/a,n/a,0,0,,n/a,n/a,n/a,0.00,0.00,n/a,n/a,"For metrics, refresh"
best website builder for small business canada,best website builder for small business canada​,n/a,n/a,0,0,,n/a,n/a,n/a,0.00,0.00,n/a,n/a,"For metrics, refresh"
best website builder for small business reviews,best website builder for small business reviews​,n/a,n/a,0,0,,n/a,n/a,n/a,0.00,0.00,n/a,n/a,"For metrics, refresh"
best website builder for small business uk,best website builder for small business uk​,n/a,n/a,0,0,,n/a,n/a,n/a,0.00,0.00,n/a,n/a,"For metrics, refresh"
best website builder software for small business,best website builder software for small business​,n/a,n/a,0,0,,n/a,n/a,n/a,0.00,0.00,n/a,n/a,"For metrics, refresh"
best website builders for small business 2016,best website builders for small business 2016​,n/a,n/a,0,0,,n/a,n/a,n/a,0.00,0.00,n/a,n/a,"For metrics, refresh"
best website builders for small business owners,best website builders for small business owners​,n/a,n/a,0,0,,n/a,n/a,n/a,0.00,0.00,n/a,n/a,"For metrics, refresh"
best website builders for small business uk,best website builders for small business uk​,n/a,n/a,0,0,,n/a,n/a,n/a,0.00,0.00,n/a,n/a,"For metrics, refresh"
best website building software for small business,best website building software for small business​,n/a,n/a,0,0,,n/a,n/a,n/a,0.00,0.00,n/a,n/a,"For metrics, refresh"
best website design and email hosting for small business,best website design and email hosting for small business​,n/a,n/a,0,0,,n/a,n/a,n/a,0.00,0.00,n/a,n/a,"For metrics, refresh"
best website design companies for small business mumbai,best website design companies for small business mumbai​,n/a,n/a,0,0,,n/a,n/a,n/a,0.00,0.00,n/a,n/a,"For metrics, refresh"
best website design company in india for small business,best website design company in india for small business​,n/a,n/a,0,0,,n/a,n/a,n/a,0.00,0.00,n/a,n/a,"For metrics, refresh"
best website for small business uk,best website for small business uk​,n/a,n/a,0,0,,n/a,n/a,n/a,0.00,0.00,n/a,n/a,"For metrics, refresh"
best website host for small business with wordpress,best website host for small business with wordpress​,n/a,n/a,0,0,,n/a,n/a,n/a,0.00,0.00,n/a,n/a,"For metrics, refresh"
best website hosting for small business 2015,best website hosting for small business 2015​,n/a,n/a,0,0,,n/a,n/a,n/a,0.00,0.00,n/a,n/a,"For metrics, refresh"
best website hosting for small business cnet,best website hosting for small business cnet​,n/a,n/a,0,0,,n/a,n/a,n/a,0.00,0.00,n/a,n/a,"For metrics, refresh"
best website hosting for small business india,best website hosting for small business india​,n/a,n/a,0,0,,n/a,n/a,n/a,0.00,0.00,n/a,n/a,"For metrics, refresh"
best website hosting for small business uk,best website hosting for small business uk​,n/a,n/a,0,0,,n/a,n/a,n/a,0.00,0.00,n/a,n/a,"For metrics, refresh"
best website hosting for small business usa,best website hosting for small business usa​,n/a,n/a,0,0,,n/a,n/a,n/a,0.00,0.00,n/a,n/a,"For metrics, refresh"
best website templates for small business free download,best website templates for small business free download​,n/a,n/a,0,0,,n/a,n/a,n/a,0.00,0.00,n/a,n/a,"For metrics, refresh"
best website to become a home seller for small business,best website to become a home seller for small business​,n/a,n/a,0,0,,n/a,n/a,n/a,0.00,0.00,n/a,n/a,"For metrics, refresh"
blog vs website for small business,blog vs website for small business​,n/a,n/a,0,0,,n/a,n/a,n/a,0.00,0.00,n/a,n/a,"For metrics, refresh"
bootstrap template for small business website,bootstrap template for small business website​,n/a,n/a,0,0,,n/a,n/a,n/a,0.00,0.00,n/a,n/a,"For metrics, refresh"
bucks county website designer for small business,bucks county website designer for small business​,n/a,n/a,0,0,,n/a,n/a,n/a,0.00,0.00,n/a,n/a,"For metrics, refresh"
business website for small businesses,business website for small businesses​,n/a,n/a,0,0,,n/a,n/a,n/a,0.00,0.00,n/a,n/a,"For metrics, refresh"
catchy liness for poster for a small business tgrough websites,catchy liness for poster for a small business tgrough websites​,n/a,n/a,0,0,,n/a,n/a,n/a,0.00,0.00,n/a,n/a,"For metrics, refresh"
cms for small business website,cms for small business website​,n/a,n/a,0,0,,n/a,n/a,n/a,0.00,0.00,n/a,n/a,"For metrics, refresh"
code create a website for a small business,code create a website for a small business​,n/a,n/a,0,0,,n/a,n/a,n/a,0.00,0.00,n/a,n/a,"For metrics, refresh"
conversion optimization for small business website,conversion optimization for small business website​,n/a,n/a,0,0,,n/a,n/a,n/a,0.00,0.00,n/a,n/a,"For metrics, refresh"
corporate website design for small businesses,corporate website design for small businesses​,n/a,n/a,0,0,,n/a,n/a,n/a,0.00,0.00,n/a,n/a,"For metrics, refresh"
cost of basic website design for small business,cost of basic website design for small business​,n/a,n/a,0,0,,n/a,n/a,n/a,0.00,0.00,n/a,n/a,"For metrics, refresh"
cost of basic website design for small business in india,cost of basic website design for small business in india​,n/a,n/a,0,0,,n/a,n/a,n/a,0.00,0.00,n/a,n/a,"For metrics, refresh"
custom wordpress website design for small business,custom wordpress website design for small business​,n/a,n/a,0,0,,n/a,n/a,n/a,0.00,0.00,n/a,n/a,"For metrics, refresh"
demo for small business website like fabrication,demo for small business website like fabrication​,n/a,n/a,0,0,,n/a,n/a,n/a,0.00,0.00,n/a,n/a,"For metrics, refresh"
design websites for small businesses,design websites for small businesses​,n/a,n/a,0,0,,n/a,n/a,n/a,0.00,0.00,n/a,n/a,"For metrics, refresh"
designing logos website development for small businesses content writing,designing logos website development for small businesses content writing​,n/a,n/a,0,0,,n/a,n/a,n/a,0.00,0.00,n/a,n/a,"For metrics, refresh"
disadvantages of a website for small businesses,disadvantages of a website for small businesses​,n/a,n/a,0,0,,n/a,n/a,n/a,0.00,0.00,n/a,n/a,"For metrics, refresh"
disadvantages of websites for small businesses,disadvantages of websites for small businesses​,n/a,n/a,0,0,,n/a,n/a,n/a,0.00,0.00,n/a,n/a,"For metrics, refresh"
do i need a website for my small business,do i need a website for my small business​,n/a,n/a,0,0,,n/a,n/a,n/a,0.00,0.00,n/a,n/a,"For metrics, refresh"
does the websites created through cms are for small business,does the websites created through cms are for small business​,n/a,n/a,0,0,,n/a,n/a,n/a,0.00,0.00,n/a,n/a,"For metrics, refresh"
domain and website hosting for small business,domain and website hosting for small business​,n/a,n/a,0,0,,n/a,n/a,n/a,0.00,0.00,n/a,n/a,"For metrics, refresh"
ecommerce website design for small business west midlands uk,ecommerce website design for small business west midlands uk​,n/a,n/a,0,0,,n/a,n/a,n/a,0.00,0.00,n/a,n/a,"For metrics, refresh"
external website security for small business,external website security for small business​,n/a,n/a,0,0,,n/a,n/a,n/a,0.00,0.00,n/a,n/a,"For metrics, refresh"
free mortgage websites for small business,free mortgage websites for small business​,n/a,n/a,0,0,,n/a,n/a,n/a,0.00,0.00,n/a,n/a,"For metrics, refresh"
free website by google for small business with in domain,free website by google for small business with in domain​,n/a,n/a,0,0,,n/a,n/a,n/a,0.00,0.00,n/a,n/a,"For metrics, refresh"
good website design for small business,good website design for small business​,n/a,n/a,0,0,,n/a,n/a,n/a,0.00,0.00,n/a,n/a,"For metrics, refresh"
google free website for indian small business,google free website for indian small business​,n/a,n/a,0,0,,n/a,n/a,n/a,0.00,0.00,n/a,n/a,"For metrics, refresh"
google free website for small business in india,google free website for small business in india​,n/a,n/a,0,0,,n/a,n/a,n/a,0.00,0.00,n/a,n/a,"For metrics, refresh"
google website builder for small business free,google website builder for small business free​,n/a,n/a,0,0,,n/a,n/a,n/a,0.00,0.00,n/a,n/a,"For metrics, refresh"
google website for small business india,google website for small business india​,n/a,n/a,0,0,,n/a,n/a,n/a,0.00,0.00,n/a,n/a,"For metrics, refresh"
google websites for small business cost,google websites for small business cost​,n/a,n/a,0,0,,n/a,n/a,n/a,0.00,0.00,n/a,n/a,"For metrics, refresh"
government website for small business registration,government website for small business registration​,n/a,n/a,0,0,,n/a,n/a,n/a,0.00,0.00,n/a,n/a,"For metrics, refresh"
government websites india for small business,government websites india for small business​,n/a,n/a,0,0,,n/a,n/a,n/a,0.00,0.00,n/a,n/a,"For metrics, refresh"
govt website for registering small business units,govt website for registering small business units​,n/a,n/a,0,0,,n/a,n/a,n/a,0.00,0.00,n/a,n/a,"For metrics, refresh"
graphic and website design for small businesses,graphic and website design for small businesses​,n/a,n/a,0,0,,n/a,n/a,n/a,0.00,0.00,n/a,n/a,"For metrics, refresh"
how do i build a website for my small business,how do i build a website for my small business​,n/a,n/a,0,0,,n/a,n/a,n/a,0.00,0.00,n/a,n/a,"For metrics, refresh"
how much will it cost for a small business website,how much will it cost for a small business website​,n/a,n/a,0,0,,n/a,n/a,n/a,0.00,0.00,n/a,n/a,"For metrics, refresh"
how to build a small business website for free,how to build a small business website for free​,n/a,n/a,0,0,,n/a,n/a,n/a,0.00,0.00,n/a,n/a,"For metrics, refresh"
how to create a website for small business for free,how to create a website for small business for free​,n/a,n/a,0,0,,n/a,n/a,n/a,0.00,0.00,n/a,n/a,"For metrics, refresh"
how to make business website for small business,how to make business website for small business​,n/a,n/a,0,0,,n/a,n/a,n/a,0.00,0.00,n/a,n/a,"For metrics, refresh"
how to make your own small business website for free,how to make your own small business website for free​,n/a,n/a,0,0,,n/a,n/a,n/a,0.00,0.00,n/a,n/a,"For metrics, refresh"
how to start a website for my small business procedure,how to start a website for my small business procedure​,n/a,n/a,0,0,,n/a,n/a,n/a,0.00,0.00,n/a,n/a,"For metrics, refresh"
i need a website for my small business free,i need a website for my small business free​,n/a,n/a,0,0,,n/a,n/a,n/a,0.00,0.00,n/a,n/a,"For metrics, refresh"
i need a website for my small business mumbai,i need a website for my small business mumbai​,n/a,n/a,0,0,,n/a,n/a,n/a,0.00,0.00,n/a,n/a,"For metrics, refresh"
i want to create a website for my small business,i want to create a website for my small business​,n/a,n/a,0,0,,n/a,n/a,n/a,0.00,0.00,n/a,n/a,"For metrics, refresh"
importance of a website for a small business,importance of a website for a small business​,n/a,n/a,0,0,,n/a,n/a,n/a,0.00,0.00,n/a,n/a,"For metrics, refresh"
importance of having a website for small business,importance of having a website for small business​,n/a,n/a,0,0,,n/a,n/a,n/a,0.00,0.00,n/a,n/a,"For metrics, refresh"
inexpensive websites for small businesses,inexpensive websites for small businesses​,n/a,n/a,0,0,,n/a,n/a,n/a,0.00,0.00,n/a,n/a,"For metrics, refresh"
internal website security for small business,internal website security for small business​,n/a,n/a,0,0,,n/a,n/a,n/a,0.00,0.00,n/a,n/a,"For metrics, refresh"
is wordpress good for small business website,is wordpress good for small business website​,n/a,n/a,0,0,,n/a,n/a,n/a,0.00,0.00,n/a,n/a,"For metrics, refresh"
make a small business website for free india,make a small business website for free india​,n/a,n/a,0,0,,n/a,n/a,n/a,0.00,0.00,n/a,n/a,"For metrics, refresh"
making websites for small businesses reddit,making websites for small businesses reddit​,n/a,n/a,0,0,,n/a,n/a,n/a,0.00,0.00,n/a,n/a,"For metrics, refresh"
making websites for small businesses to earn money,making websites for small businesses to earn money​,n/a,n/a,0,0,,n/a,n/a,n/a,0.00,0.00,n/a,n/a,"For metrics, refresh"
making websites for small scale business,making websites for small scale business​,n/a,n/a,0,0,,n/a,n/a,n/a,0.00,0.00,n/a,n/a,"For metrics, refresh"
need a website for my small business,need a website for my small business​,n/a,n/a,0,0,,n/a,n/a,n/a,0.00,0.00,n/a,n/a,"For metrics, refresh"
online publication websites for small business,online publication websites for small business​,n/a,n/a,0,0,,n/a,n/a,n/a,0.00,0.00,n/a,n/a,"For metrics, refresh"
pflugerville website for small business,pflugerville website for small business​,n/a,n/a,0,0,,n/a,n/a,n/a,0.00,0.00,n/a,n/a,"For metrics, refresh"
posters to catch audience for small business through websites,posters to catch audience for small business through websites​,n/a,n/a,0,0,,n/a,n/a,n/a,0.00,0.00,n/a,n/a,"For metrics, refresh"
privacy policy for small business website,privacy policy for small business website​,n/a,n/a,0,0,,n/a,n/a,n/a,0.00,0.00,n/a,n/a,"For metrics, refresh"
professional website builders for small business,professional website builders for small business​,n/a,n/a,0,0,,n/a,n/a,n/a,0.00,0.00,n/a,n/a,"For metrics, refresh"
responsive website development for small businesses,responsive website development for small businesses​,n/a,n/a,0,0,,n/a,n/a,n/a,0.00,0.00,n/a,n/a,"For metrics, refresh"
responsive website template for small business,responsive website template for small business​,n/a,n/a,0,0,,n/a,n/a,n/a,0.00,0.00,n/a,n/a,"For metrics, refresh"
responsive websites for small businesses,responsive websites for small businesses​,n/a,n/a,0,0,,n/a,n/a,n/a,0.00,0.00,n/a,n/a,"For metrics, refresh"
role of website for small business,role of website for small business​,n/a,n/a,0,0,,n/a,n/a,n/a,0.00,0.00,n/a,n/a,"For metrics, refresh"
seo checklist for local small business websites,seo checklist for local small business websites​,n/a,n/a,0,0,,n/a,n/a,n/a,0.00,0.00,n/a,n/a,"For metrics, refresh"
seo for small business website miami,seo for small business website miami​,n/a,n/a,0,0,,n/a,n/a,n/a,0.00,0.00,n/a,n/a,"For metrics, refresh"
small business grants for website development,small business grants for website development​,n/a,n/a,0,0,,n/a,n/a,n/a,0.00,0.00,n/a,n/a,"For metrics, refresh"
small business website design for women,small business website design for women​,n/a,n/a,0,0,,n/a,n/a,n/a,0.00,0.00,n/a,n/a,"For metrics, refresh"
small business websites write for us,small business websites write for us​,n/a,n/a,0,0,,n/a,n/a,n/a,0.00,0.00,n/a,n/a,"For metrics, refresh"
the best website builder for small business,the best website builder for small business​,n/a,n/a,0,0,,n/a,n/a,n/a,0.00,0.00,n/a,n/a,"For metrics, refresh"
the best website builder for small business uk,the best website builder for small business uk​,n/a,n/a,0,0,,n/a,n/a,n/a,0.00,0.00,n/a,n/a,"For metrics, refresh"
tips for small business website design in 2018,tips for small business website design in 2018​,n/a,n/a,0,0,,n/a,n/a,n/a,0.00,0.00,n/a,n/a,"For metrics, refresh"
top freelancing websites for small business,top freelancing websites for small business​,n/a,n/a,0,0,,n/a,n/a,n/a,0.00,0.00,n/a,n/a,"For metrics, refresh"
top lawyers firms website for small business lawyers in usa,top lawyers firms website for small business lawyers in usa​,n/a,n/a,0,0,,n/a,n/a,n/a,0.00,0.00,n/a,n/a,"For metrics, refresh"
top ten website builders for small businesses,top ten website builders for small businesses​,n/a,n/a,0,0,,n/a,n/a,n/a,0.00,0.00,n/a,n/a,"For metrics, refresh"
top websites for small business lawyers in usa,top websites for small business lawyers in usa​,n/a,n/a,0,0,,n/a,n/a,n/a,0.00,0.00,n/a,n/a,"For metrics, refresh"
versatile theme for small business website,versatile theme for small business website​,n/a,n/a,0,0,,n/a,n/a,n/a,0.00,0.00,n/a,n/a,"For metrics, refresh"
we build websites for small businesses,we build websites for small businesses​,n/a,n/a,0,0,,n/a,n/a,n/a,0.00,0.00,n/a,n/a,"For metrics, refresh"
website audit service for small businesses,website audit service for small businesses​,n/a,n/a,0,0,,n/a,n/a,n/a,0.00,0.00,n/a,n/a,"For metrics, refresh"
website basics for small business,website basics for small business​,n/a,n/a,0,0,,n/a,n/a,n/a,0.00,0.00,n/a,n/a,"For metrics, refresh"
website benefits for small business,website benefits for small business​,n/a,n/a,0,0,,n/a,n/a,n/a,0.00,0.00,n/a,n/a,"For metrics, refresh"
website branding for small businesses,website branding for small businesses​,n/a,n/a,0,0,,n/a,n/a,n/a,0.00,0.00,n/a,n/a,"For metrics, refresh"
website build and host for small business,website build and host for small business​,n/a,n/a,0,0,,n/a,n/a,n/a,0.00,0.00,n/a,n/a,"For metrics, refresh"
website builder and hosting for small business,website builder and hosting for small business​,n/a,n/a,0,0,,n/a,n/a,n/a,0.00,0.00,n/a,n/a,"For metrics, refresh"
website builder for small business owners,website builder for small business owners​,n/a,n/a,0,0,,n/a,n/a,n/a,0.00,0.00,n/a,n/a,"For metrics, refresh"
website builder for small business uk,website builder for small business uk​,n/a,n/a,0,0,,n/a,n/a,n/a,0.00,0.00,n/a,n/a,"For metrics, refresh"
website builder for small business weebly,website builder for small business weebly​,n/a,n/a,0,0,,n/a,n/a,n/a,0.00,0.00,n/a,n/a,"For metrics, refresh"
website company profile for small business,website company profile for small business​,n/a,n/a,0,0,,n/a,n/a,n/a,0.00,0.00,n/a,n/a,"For metrics, refresh"
website costs for small business uk,website costs for small business uk​,n/a,n/a,0,0,,n/a,n/a,n/a,0.00,0.00,n/a,n/a,"For metrics, refresh"
website design for local shops & small business owners,website design for local shops & small business owners​,n/a,n/a,0,0,,n/a,n/a,n/a,0.00,0.00,n/a,n/a,"For metrics, refresh"
website design for small business birmingham,website design for small business birmingham​,n/a,n/a,0,0,,n/a,n/a,n/a,0.00,0.00,n/a,n/a,"For metrics, refresh"
website design for small business in bahrain,website design for small business in bahrain​,n/a,n/a,0,0,,n/a,n/a,n/a,0.00,0.00,n/a,n/a,"For metrics, refresh"
website design for small business melbourne,website design for small business melbourne​,n/a,n/a,0,0,,n/a,n/a,n/a,0.00,0.00,n/a,n/a,"For metrics, refresh"
website design for small business owners,website design for small business owners​,n/a,n/a,0,0,,n/a,n/a,n/a,0.00,0.33,n/a,n/a,"For metrics, refresh"
website design for small business sydney,website design for small business sydney​,n/a,n/a,0,0,,n/a,n/a,n/a,0.00,0.00,n/a,n/a,"For metrics, refresh"
website designer for small businesses and startups,website designer for small businesses and startups​,n/a,n/a,0,0,,n/a,n/a,n/a,0.00,0.00,n/a,n/a,"For metrics, refresh"
website designer for small businesses in reading,website designer for small businesses in reading​,n/a,n/a,0,0,,n/a,n/a,n/a,0.00,0.00,n/a,n/a,"For metrics, refresh"
website designers for small business,website designers for small business​,n/a,n/a,0,0,,n/a,n/a,n/a,0.59,0.14,n/a,n/a,"For metrics, refresh"
website development and maintenance for small business,website development and maintenance for small business​,n/a,n/a,0,0,,n/a,n/a,n/a,0.00,0.00,n/a,n/a,"For metrics, refresh"
website development company in bangalore for small business,website development company in bangalore for small business​,n/a,n/a,0,0,,n/a,n/a,n/a,0.00,0.00,n/a,n/a,"For metrics, refresh"
website development proposal for small business,website development proposal for small business​,n/a,n/a,0,0,,n/a,n/a,n/a,0.00,0.00,n/a,n/a,"For metrics, refresh"
website development qutation for small business,website development qutation for small business​,n/a,n/a,0,0,,n/a,n/a,n/a,0.00,0.00,n/a,n/a,"For metrics, refresh"
website for small business features news,website for small business features news​,n/a,n/a,0,0,,n/a,n/a,n/a,0.00,0.00,n/a,n/a,"For metrics, refresh"
website for small business in india,website for small business in india​,n/a,n/a,0,0,,n/a,n/a,n/a,0.00,0.00,n/a,n/a,"For metrics, refresh"
website for small business news,website for small business news​,n/a,n/a,0,0,,n/a,n/a,n/a,0.00,0.00,n/a,n/a,"For metrics, refresh"
website for small business nz,website for small business nz​,n/a,n/a,0,0,,n/a,n/a,n/a,0.00,0.00,n/a,n/a,"For metrics, refresh"
website for small business singapore,website for small business singapore​,n/a,n/a,0,0,,n/a,n/a,n/a,0.00,0.00,n/a,n/a,"For metrics, refresh"
website host for small business 50 gb,website host for small business 50 gb​,n/a,n/a,0,0,,n/a,n/a,n/a,0.00,0.00,n/a,n/a,"For metrics, refresh"
website importance for small business,website importance for small business​,n/a,n/a,0,0,,n/a,n/a,n/a,0.00,0.00,n/a,n/a,"For metrics, refresh"
website is important for small business or not,website is important for small business or not​,n/a,n/a,0,0,,n/a,n/a,n/a,0.00,0.00,n/a,n/a,"For metrics, refresh"
website layout for small business,website layout for small business​,n/a,n/a,0,0,,n/a,n/a,n/a,0.00,0.00,n/a,n/a,"For metrics, refresh"
website maintenance packages for small business,website maintenance packages for small business​,n/a,n/a,0,0,,n/a,n/a,n/a,0.00,0.00,n/a,n/a,"For metrics, refresh"
website marketing company for small business in bangalore,website marketing company for small business in bangalore​,n/a,n/a,0,0,,n/a,n/a,n/a,0.00,0.00,n/a,n/a,"For metrics, refresh"
website marketing content for small business,website marketing content for small business​,n/a,n/a,0,0,,n/a,n/a,n/a,0.00,0.00,n/a,n/a,"For metrics, refresh"
website marketing services for small business,website marketing services for small business​,n/a,n/a,0,0,,n/a,n/a,n/a,0.00,0.00,n/a,n/a,"For metrics, refresh"
website of indian govt for small business,website of indian govt for small business​,n/a,n/a,0,0,,n/a,n/a,n/a,0.00,0.00,n/a,n/a,"For metrics, refresh"
website social media strategy for small businesses,website social media strategy for small businesses​,n/a,n/a,0,0,,n/a,n/a,n/a,0.00,0.00,n/a,n/a,"For metrics, refresh"
website template for small logistic business,website template for small logistic business​,n/a,n/a,0,0,,n/a,n/a,n/a,0.00,0.00,n/a,n/a,"For metrics, refresh"
website templates for small businesses perth,website templates for small businesses perth​,n/a,n/a,0,0,,n/a,n/a,n/a,0.00,0.00,n/a,n/a,"For metrics, refresh"
websites for small business australia,websites for small business australia​,n/a,n/a,0,0,,n/a,n/a,n/a,0.00,0.00,n/a,n/a,"For metrics, refresh"
websites for small business or owners,websites for small business or owners​,n/a,n/a,0,0,,n/a,n/a,n/a,0.00,0.00,n/a,n/a,"For metrics, refresh"
websites for small businesses nottingham,websites for small businesses nottingham​,n/a,n/a,0,0,,n/a,n/a,n/a,0.00,0.00,n/a,n/a,"For metrics, refresh"
websites for small businesses or owners,websites for small businesses or owners​,n/a,n/a,0,0,,n/a,n/a,n/a,0.00,0.00,n/a,n/a,"For metrics, refresh"
what is the best free website builder for small business,what is the best free website builder for small business​,n/a,n/a,0,0,,n/a,n/a,n/a,0.00,0.00,n/a,n/a,"For metrics, refresh"
what is the best website builder for small business uk,what is the best website builder for small business uk​,n/a,n/a,0,0,,n/a,n/a,n/a,0.00,0.00,n/a,n/a,"For metrics, refresh"
what makes a good website for a small business,what makes a good website for a small business​,n/a,n/a,0,0,,n/a,n/a,n/a,0.00,0.00,n/a,n/a,"For metrics, refresh"
why a website require for small business,why a website require for small business​,n/a,n/a,0,0,,n/a,n/a,n/a,0.00,0.00,n/a,n/a,"For metrics, refresh"
why a website required for small business,why a website required for small business​,n/a,n/a,0,0,,n/a,n/a,n/a,0.00,0.00,n/a,n/a,"For metrics, refresh"
why do i need a website for my small business,why do i need a website for my small business​,n/a,n/a,0,0,,n/a,n/a,n/a,0.00,0.00,n/a,n/a,"For metrics, refresh"
why we need website for small business,why we need website for small business​,n/a,n/a,0,0,,n/a,n/a,n/a,0.00,0.00,n/a,n/a,"For metrics, refresh"
why website is very important for small business,why website is very important for small business​,n/a,n/a,0,0,,n/a,n/a,n/a,0.00,0.00,n/a,n/a,"For metrics, refresh"
wordpress build your own wordpress website wordpress for small business,wordpress build your own wordpress website wordpress for small business​,n/a,n/a,0,0,,n/a,n/a,n/a,0.00,0.00,n/a,n/a,"For metrics, refresh"
wordpress website maintenance service for small business,wordpress website maintenance service for small business​,n/a,n/a,0,0,,n/a,n/a,n/a,0.00,0.00,n/a,n/a,"For metrics, refresh"
writing content for a small business website,writing content for a small business website​,n/a,n/a,0,0,,n/a,n/a,n/a,0.00,0.00,n/a,n/a,"For metrics, refresh"